id,title,description,availability,condition,price,link,image_link,brand,google_product_category
SV-C2015W,150W PA Amplifier | 3 Mics – Powerful Value Audio | Secuview,,instock,new,1150.00,https://secuview.com/product/150w-pa-amplifier-secuview/,,Secuview,
SV-EL24022SGY,19 Inch International Standard 4U SPCC Network Cabinet,,instock,new,210.00,https://secuview.com/product/19-inch-international-standard-4u-spcc-network-cabinet/,,Secuview,
SV-AT5024W/B,20W Bluetooth Ceiling Speaker | Built-In Clear Sound | Secuview,,instock,new,550.00,https://secuview.com/product/20w-bluetooth-ceiling-speakers-secuview/,,Secuview,
SV-M2200A,Secuview 1-2M TS Adjustable Metal Bracket for Security Cameras.,,instock,new,84.50,https://secuview.com/product/secuview-1-2m-ts-adjustable-metal-bracket-for-security-cameras/,,Secuview,
SVTSM203-B,Secuview 10″ WiFi Smart Video DoorPhone | Tuya App,,instock,new,350.00,https://secuview.com/product/secuview-10-inch-wifi-smart-video-doorphone/,,Secuview,
SV592C03-305WS-BK,Secuview 100m RG59+2C Coaxial Cable With Power,,instock,new,84.00,https://secuview.com/product/secuview-100m-rg592c-coaxial-cable-with-power/,,Secuview,
SV-R4-6045S1,"Secuview 100Mbps PoE Extender Durable, Weatherproof & Efficient.",,instock,new,45.50,https://secuview.com/product/secuview-100mbps-poe-extender-durable-weatherproof-efficient/,,Secuview,
SV-CB202LT2 / SV-CB201LT1,Secuview 100W Public Address Power Amplifier With Multiple Audio Sources,,instock,new,950.00,https://secuview.com/product/secuview-100w-public-address-power-amplifier-with-multiple-audio-sources/,,Secuview,
Secuview KE-60M 2.0,Secuview 105mm Waterproof Metal Junction Box for Security Cameras.,,instock,new,7.14,https://secuview.com/product/secuview-105mm-waterproof-metal-junction-box-for-security-cameras/,,Secuview,
SV-VXRJX2,"Secuview 1080p HD Extender | Cat6, Hassle-free, upto 30m",,instock,new,50.00,https://secuview.com/product/secuview-1080p-hd-extender-cat6-hassle-free-upto-30m/,,Secuview,
SV-A2380B,Secuview 10W Ceiling Speaker | Clear Sound and Easy Installation.,,instock,new,120.00,https://secuview.com/product/secuview-10w-ceiling-speaker-clear-sound/,,Secuview,
SV-CHT825W,Secuview 10W Volume Controller | Reliable Steel Build & Wall-Mount Design.,,instock,new,12.50,https://secuview.com/product/secuview-10w-volume-controller-reliable-steel-build-wall-mount-design/,,Secuview,
SV-R15-6060AB1,Secuview 11ac 1200Mbps Wide-Range Wireless 4G LTE Router.,,instock,new,240.50,https://secuview.com/product/secuview-11ac-1200mbps-wide-range-wireless-4g-lte-router/,,Secuview,
SV-R27-6060ABC1,Secuview 1200Mbps Dual-Band Wireless Access Point.,,instock,new,270.00,https://secuview.com/product/secuview-1200mbps-dual-band-wireless-access-point/,,Secuview,
SV-VXRJX2,Secuview 120cm Heavy-Duty Adjustable Mount Bracket for PTZ CCTV Cameras.,,instock,new,71.55,https://secuview.com/product/secuview-120cm-heavy-duty-adjustable-mount-bracket-for-ptz-cctv-cameras/,,Secuview,
SV-M3OK-AK4G2,Secuview 120mm Waterproof Metal Security Camera Junction Box.,,instock,new,32.50,https://secuview.com/product/secuview-120mm-waterproof-metal-security-camera-junction-box/,,Secuview,
SECUVIEW-5GE,Secuview 120W 8-Port PoE Switch + 2 Uplink Ports | 10/100Mbps Operation.,,instock,new,182.00,https://secuview.com/product/secuview-120w-8-port-poe-switch-2-uplink-ports-10-100mbps-operation/,,Secuview,
SECUVIEW-5GE,Secuview 120W 8x PoE+ 2xUplink | Stable Gigabit Connectivity,,instock,new,292.50,https://secuview.com/product/secuview-120w-8x-poe-2xuplink-stable-gigabit-connectivity/,,Secuview,
SV-WPP296F3,Secuview 1258 ABS Indoor & Outdoor L-Type CCTV Wall Mount Bracket.,,instock,new,26.00,https://secuview.com/product/secuview-1258-abs-indoor-outdoor-l-type-cctv-wall-mount-bracket/,,Secuview,
SV-4K-N1004-M5,Secuview 1258ZJ CCTV L-Type Wall Mount Bracket | Durable Plastic Design.,,instock,new,26.00,https://secuview.com/product/secuview-1258zj-cctv-l-type-wall-mount-bracket-durable-plastic-design/,,Secuview,
SV24TWA1,Secuview 12cm Universal Weatherproof Metal Bracket for Security Cameras.,,instock,new,71.50,https://secuview.com/product/secuview-12cm-universal-weatherproof-metal-bracket-for-security-cameras/,,Secuview,
SV-WPP296F3,Secuview 12MP Weatherproof Outdoor IP Camera | Smart Detection & ONVIF.,,instock,new,750.00,https://secuview.com/product/secuview-12mp-weatherproof-outdoor-ip-camera-smart-detection-onvif/,,Secuview,
SV-M3Cl-AVPB4,"Secuview 12V 20A Power Supply –Safe, Efficient & Long-Lasting",,instock,new,75.00,https://secuview.com/product/secuview-12v-20a-power-supply-safe-efficient-long-lasting/,,Secuview,
SV-PJ20A,Secuview 12V 2A AC/DC Plug Power Adapter for CCTV Cameras & Electronics.,,instock,new,15.00,https://secuview.com/product/secuview-12v-2a-ac-dc-plug-power-adapter-for-cctv-cameras-electronics/,,Secuview,
SV-PJ10000MA,Secuview 12V 2A Waterproof AC/DC Power Adapter for CCTV Cameras | Box Type,,instock,new,20.00,https://secuview.com/product/secuview-12v-2a-waterproof-ac-dc-power-adapter-for-cctv-cameras-box-type/,,Secuview,
SV-ELHD801SP,Secuview 12V 30A Heavy-Duty Power Supply | Smart Cooling & Energy Efficient,,instock,new,95.00,https://secuview.com/product/secuview-12v-30a-heavy-duty-power-supply-smart-cooling-energy-efficient/,,Secuview,
SV-PJ20A,Secuview 14-Inch Universal PTZ Mount Metal Bracket for CCTV Cameras.,,instock,new,10.71,https://secuview.com/product/secuview-14-inch-universal-ptz-mount-metal-bracket-for-cctv-cameras/,,Secuview,
SVA2008,Secuview 16-Channel PABX-Advanced Communication for Growing Businesses.,,instock,new,950.00,https://secuview.com/product/secuview-16-channel-pabx-advanced-communication-for-growing-businesses/,,Secuview,
SV-R27-6060ABC1,Secuview 16-Port Gigabit PoE switch 2 Uplink + 2 SFP |300W PoE Power.,,instock,new,552.50,https://secuview.com/product/secuview-16-port-gigabit-poe-switch-2-uplink-2-sfp-300w-poe-power/,,Secuview,
SV-R9-6060SAB1,Secuview 16-Port Gigabit PoE Switch | Uplink & SFP Connectivity.,,instock,new,345.00,https://secuview.com/product/secuview-16-port-gigabit-poe-switch-300w/,,Secuview,
SV-R6045S1,Secuview 16-Port PoE Gigabit Switch with 2 Uplink + 1 SFP High-Speed Connectivity.,,instock,new,600.00,https://secuview.com/product/secuview-16-port-poe-gigabit-switch-with-2-uplink-1-sfp-high-speed-connectivity/,,Secuview,
SV-KE1200M,Secuview 160mm Waterproof Design Metal Junction Box for Security Cameras.,,instock,new,42.86,https://secuview.com/product/secuview-160mm-waterproof-design-metal-junction-box-for-security-cameras/,,Secuview,
SVELHD201SP,Secuview 16CH 4K Hybrid NVR I POE Built-In & ONVIF Support.,,instock,new,1274.00,https://secuview.com/product/secuview-16ch-4k-hybrid-nvr-i-poe-built-in-onvif-support/,,Secuview,
SV-M2200A,Secuview 16CH 4K Non-PoE Hybrid NVR | High Performance & ONVIF Support.,,instock,new,767.00,https://secuview.com/product/secuview-16ch-4k-non-poe-hybrid-nvr-high-performance-onvif-support/,,Secuview,
SV-R4-6045S1,Secuview 19 Inch International Standard 12U SPCC Network Cabinet,,instock,new,410.00,https://secuview.com/product/secuview-19-inch-international-standard-12u-spcc-network-cabinet/,,Secuview,
SV-EL24022SGY,Secuview 19 Inch International Standard 15U SPCC Network Cabinet,,instock,new,425.00,https://secuview.com/product/secuview-19-inch-international-standard-15u-spcc-network-cabinet/,,Secuview,
IPH601P,Secuview 19 Inch International Standard 18U SPCC Network Cabinet,,instock,new,515.00,https://secuview.com/product/secuview-19-inch-international-standard-18u-spcc-network-cabinet/,,Secuview,
SV-EL16021SGY,Secuview 19 Inch International Standard 22U 600×600 SPCC Network Rack,,instock,new,1137.00,https://secuview.com/product/secuview-19-inch-international-standard-22u-600x600-spcc-network-rack/,,Secuview,
SV-R6045S1,Secuview 19 Inch International Standard 22U SPCC Network Rack,,instock,new,1350.00,https://secuview.com/product/secuview-19-inch-international-standard-22u-spcc-network-rack/,,Secuview,
SV-R18-6055AB1,Secuview 19 Inch International Standard 9U Double Section SPCC Data Center Cabinet,,instock,new,345.00,https://secuview.com/product/secuview-19-inch-international-standard-9u-double-section-spcc-data-center-cabinet/,,Secuview,
SV-R12-6055S1,Secuview 19 Inch International Standard 9U SPCC Data Center Cabinet,,instock,new,87.67,https://secuview.com/product/secuview-19-inch-international-standard-9u-spcc-data-center-cabinet/,,Secuview,
SV-R22-6060ABC1,Secuview 19″ Rack-Mount PDU| 6-Way Universal | High-Efficiency Power Distribution.,,instock,new,65.00,https://secuview.com/product/secuview-19-rack-mount-pdu-6-way-universal-high-efficiency-power-distribution/,,Secuview,
SV-R6045S1,Secuview 1U 24-Port Blank Patch Panel |Robust Plastic & Metal Build.,,instock,new,52.00,https://secuview.com/product/secuview-1u-24-port-blank-patch-panel-robust-plastic-metal-build/,,Secuview,
SV-R18-6055AB1,Secuview 1U 350mm Rack Shelf | Ventilated Design & Durable Steel Body,,instock,new,45.50,https://secuview.com/product/secuview-1u-350mm-rack-shelf-ventilated-design-durable-steel-body/,,Secuview,
SVA4016,Secuview 1U Blank Patch Panel 24-Port | Heavy-Duty Metal Construction.,,instock,new,78.00,https://secuview.com/product/secuview-1u-blank-patch-panel-24-port-heavy-duty-metal-construction/,,Secuview,
SV-EL16021SGY,Secuview 1U Blank Patch Panel 24-Port | Plastic & Metal Frame Patch Panel.,,instock,new,71.50,https://secuview.com/product/secuview-1u-blank-patch-panel-24-port-plastic-metal-frame-patch-panel/,,Secuview,
IPH603P,"Secuview 1U Rack-Mount Cable Manager, Metal Build with Protective Cover.",,instock,new,8.63,https://secuview.com/product/secuview-1u-rack-mount-cable-manager-metal-build-with-protective-cover/,,Secuview,
SV24TWS3,Secuview 1×8 HDMI Splitter | Distribute 4K Signal to Eight Displays Seamlessly.,,instock,new,38.46,https://secuview.com/product/secuview-1x8-hdmi-splitter-distribute-4k-signal-to-eight-displays-seamlessly/,,Secuview,
SV-HDC2050V,Secuview 2.0 HDTV 10M | Cable Durable & Stable HD Signal Quality.,,instock,new,58.50,https://secuview.com/product/secuview-2-0-hdtv-10m-cable-durable-stable-hd-signal-quality/,,Secuview,
SV-HDC20200V,Secuview 2.0 HDTV Cable 1.5 Meter | High-Quality Connection.,,instock,new,13.00,https://secuview.com/product/secuview-2-0-hdtv-cable-1-5-meter-high-quality-connection/,,Secuview,
SV010002-305WS-BK,Secuview 2.0 HDTV Cable 5M | Strong & Stable HD Transmission.,,instock,new,26.00,https://secuview.com/product/secuview-2-0-hdtv-cable-5m-strong-stable-hd-transmission/,,Secuview,
SV-R18-6060AB1,Secuview 2 PoE Output + 1 Uplink PoE switch Extended 100M connectivity Range.,,instock,new,49.40,https://secuview.com/product/secuview-2-poe-output-1-uplink-poe-switch-extended-100m-connectivity-range/,,Secuview,
SVA4024,Secuview 200W 16-Port Gigabit PoE Switch with 2 Uplink + 1 SFP Ports.,,instock,new,329.67,https://secuview.com/product/secuview-200w-16-port-gigabit-poe-switch/,,Secuview,
SV-HDC20100V,Secuview 20M HDTV 2.0 Cable Extended Length & Superior Signal Quality.,,instock,new,84.50,https://secuview.com/product/secuview-20m-hdtv-2-0-cable-extended-length-superior-signal-quality/,,Secuview,
SV-CHT825W,"Secuview 20W Hanging Speaker | Clear, Powerful and Easy to Install.",,instock,new,230.00,https://secuview.com/product/secuview-20w-hanging-speaker-pa-system-qatar/,,Secuview,
SV-CHT610W,Secuview 20W Public Address Wall Mount Speaker,,instock,new,57.53,https://secuview.com/product/secuview-20w-public-address-wall-mount-speaker/,,Secuview,
SV-M3OK-AKD2,"Secuview 22-Inch HD LED Monitor Clear, Bright & Reliable.",,instock,new,350.00,https://secuview.com/product/secuview-22-inch-hd-led-monitor-clear-bright-reliable/,,Secuview,
SV-R12-6060AB1,Secuview 24-Channel PABX Powerful Communication Hub for Large Networks.,,instock,new,1200.00,https://secuview.com/product/secuview-24-channel-pabx-powerful-communication-hub-for-large-networks/,,Secuview,
SV-R9-6060SAB1,"Secuview 24-Port Gigabit PoE Switch Fast, Reliable Network with 2 Uplink & 2 SFP.",,instock,new,206.00,https://secuview.com/product/secuview-24-port-gigabit-poe-switch-fast-reliable-network-with-2-uplink-2-sfp/,,Secuview,
SV-C2015W,Secuview 25W PA Ceiling Speaker | High Performance Audio Solution.,,instock,new,250.00,https://secuview.com/product/secuview-25w-pa-ceiling-speaker-audio-solution/,,Secuview,
SV-C083206W,Secuview 280W Public Address Amplifier With Clear Sound,,instock,new,1450.00,https://secuview.com/product/secuview-280w-public-address-amplifier-with-clear-sound/,,Secuview,
SV-EL24022SGY,Secuview 2U Metal Cable Manager Rack-Mount with Cover.,,instock,new,45.50,https://secuview.com/product/secuview-2u-metal-cable-manager-rack-mount-with-cover/,,Secuview,
IPH603P,Secuview 2U SPCC Network Cabinet,,instock,new,150.00,https://secuview.com/product/secuview-2u-spcc-network-cabinet/,,Secuview,
SV-R15-6060AB1,Secuview 300Mbps 2.4GHz Wireless Wi-Fi Range Extender.,,instock,new,17.86,https://secuview.com/product/secuview-300mbps-2-4ghz-wireless-wi-fi-range-extender/,,Secuview,
SECUVIEW-8GE,Secuview 300W 24-Ports Gigabit PoE Switch with 2 Uplink+2 SFP Ports.,,instock,new,689.00,https://secuview.com/product/secuview-300w-24-ports-gigabit-poe-switch-with-2-uplink2-sfp-ports/,,Secuview,
SV-C82255WR,"Secuview 30W Volume Controller | Durable Steel Body, Wall-Mount Design.",,instock,new,71.50,https://secuview.com/product/secuview-30w-volume-controller-durable-steel-body-wall-mount-design/,,Secuview,
SV-AL440FB,Secuview 30W Volume Controller | Strong Plastic Body & stylish Wall-Mount Setup.,,instock,new,71.50,https://secuview.com/product/secuview-30w-volume-controller-strong-plastic-body-stylish-wall-mount-setup/,,Secuview,
SV-AT6040W/B,Secuview 380W Public Address Power Amplifier With 3 Mics,,instock,new,452.05,https://secuview.com/product/secuview-380w-public-address-power-amplifier-with-3-mics/,,Secuview,
SV-R12-6060AB1,Secuview 4-Port Gigabit PoE Switch | 1000Mbps High-Speed,,instock,new,182.00,https://secuview.com/product/secuview-4-port-poe-1-uplink-port-1000mbps-high-speed/,,Secuview,
SV-R27-6080ABC1,Secuview 4-Port PoE Gigabit Switch with Uplink & SFP Port,,instock,new,210.00,https://secuview.com/product/secuview-4-port-poe-gigabit-switch-with-uplink-sfp-port/,,Secuview,
SV-R22-6080ABC1,Secuview 4-Port PoE Switch with 1 Uplink Gigabit Performance.,,instock,new,200.00,https://secuview.com/product/secuview-4-port-poe-switch-with-1-uplink-gigabit-performance/,,Secuview,
SV-PJ30A,Secuview 400m HD Signal Transmission | Multi-Format Compatible Video Balun.,,instock,new,15.00,https://secuview.com/product/secuview-400m-hd-signal-transmission-multi-format-compatible-video-balun/,,Secuview,
SV-VC501,Secuview 40W PA Wall Mount Speakers With High Quality Sound,,instock,new,310.00,https://secuview.com/product/secuview-40w-pa-wall-mount-speakers-with-high-quality-sound/,,Secuview,
SV-CHT610W,Secuview 40W Public Address Amplifier For Small Spaces,,instock,new,550.00,https://secuview.com/product/secuview-40w-public-address-amplifier-for-small-spaces/,,Secuview,
SV-AL3480B,Secuview 480W PA System Amplifier With 1 Zone,,instock,new,1200.00,https://secuview.com/product/secuview-480w-pa-system-amplifier-with-1-zone/,,Secuview,
SV-C083105WR,Secuview 480W PA System Amplifier With 4 Zones and for Larger Spaces,,instock,new,1875.00,https://secuview.com/product/secuview-480w-pa-system-amplifier-with-4-zones-and-for-larger-spaces/,,Secuview,
SVP4020W/B,Secuview 480W Public Address Amplifier With 4 Zones,,instock,new,472.60,https://secuview.com/product/secuview-480w-public-address-amplifier-with-4-zones/,,Secuview,
SV-KE1200M,Secuview 4ch professional DVR with 4K-N output.,,instock,new,208.00,https://secuview.com/product/secuview-4ch-professional-dvr-with-4k-n-output/,,Secuview,
SV-R9-6045S1,Secuview 4G LTE Wi-Fi Router with SIM & 4 Antennas | 600Mbps Speed.,,instock,new,320.00,https://secuview.com/product/secuview-4g-lte-wifi-router-sim-600mbps/,,Secuview,
SV-M3Cl-AVPB4,"Secuview 4G Smart Dash Cam – MOI Approved, 1080p Full HD with Smart Fence & Multi-User Sharing.",,instock,new,525.00,https://secuview.com/product/secuview-4g-smart-dash-cam-moi-approved-1080p-full-hd-with-smart-fence-multi-user-sharing/,,Secuview,
SVN-4K801B,Secuview 4K 60Hz HDMI Extender 60m Over CAT6 – Cascade Connection Supported,,instock,new,250.00,https://secuview.com/product/secuview-4k-60hz-hdmi-extender-60m-over-cat6-cascade-connection-supported/,,Secuview,
SV-WPP296F3,Secuview 4K HDMI Splitter | Power Up to Four Screens from One Source,,instock,new,22.00,https://secuview.com/product/secuview-4k-hdmi-splitter-power-up-to-four-screens-from-one-source/,,Secuview,
SV-WPP296F3,Secuview 4K Ultra HD HDMI + USB 120M KVM Extender | Loop-Out Supported.,,instock,new,72.80,https://secuview.com/product/secuview-4k-ultra-hd-hdmi-usb-120m-kvm-extender-loop-out-supported/,,Secuview,
SV-R9-6060SAB1,Secuview 4x PoE + 2x Uplink | Reliable100Mbps Connectivity.,,instock,new,104.00,https://secuview.com/product/secuview-4x-poe-2x-uplink-reliable100mbps-connectivity/,,Secuview,
SV-EL4011SGY,Secuview 5-Port Ethernet Switch Compact & High-Speed Networking,,instock,new,26.00,https://secuview.com/product/secuview-5-port-ethernet-switch-compact-high-speed-networking/,,Secuview,
SV-R9-6060SAB1,Secuview 5-Port Plastic Ethernet Switch | Fast & Stable 100Mbps.,,instock,new,26.00,https://secuview.com/product/secuview-5-port-plastic-ethernet-switch-fast-stable-100mbps/,,Secuview,
SV-C406MW,Secuview 50W Public Address Amplifier With Multiple Audio Sources,,instock,new,575.00,https://secuview.com/product/secuview-50w-public-address-amplifier-with-multiple-audio-sources/,,Secuview,
SV-4K-N1004-M5,Secuview 5MP Indoor AHD CCTV | Sharp Detail & High-Performance Monitoring.,,instock,new,41.21,https://secuview.com/product/secuview-5mp-indoor-ahd-cctv-sharp-detail-high-performance-monitoring/,,Secuview,
SV-PJ2000MA,"Secuview 5Mp Indoor Ip Camera | Two-Way Audio, Auto Tracking & ONVIF.",,instock,new,600.00,https://secuview.com/product/secuview-5mp-indoor-ip-camera-two-way-audio-auto-tracking-onvif/,,Secuview,
SV-4K-N1004-M5,Secuview 5MP Outdoor AHD Camera with lP66 Waterproof Housing.,,instock,new,170.00,https://secuview.com/product/secuview-5mp-outdoor-ahd-camera-with-lp66-waterproof-housing/,,Secuview,
SV-4K-N1004-M5,Secuview 60 – 120cm Adjustable CCTV Mount Bracket with Pan & Tilt Function.,,instock,new,71.55,https://secuview.com/product/secuview-60-120cm-adjustable-cctv-mount-bracket-with-pan-tilt-function/,,Secuview,
SV-4K-N1004-M5,Secuview 60 – 120cm L-Type PTZ Mount Metal Bracket for CCTV Cameras.,,instock,new,71.50,https://secuview.com/product/secuview-60-120cm-l-type-ptz-mount-metal-bracket-for-cctv-cameras/,,Secuview,
SVN-4K1602P,Secuview 60-120cm TS Heavy-Duty Metal CCTV Camera Mount Bracket.,,instock,new,19.64,https://secuview.com/product/secuview-60-120cm-ts-heavy-duty-metal-cctv-camera-mount-bracket/,,Secuview,
SV-M2200A,Secuview 60 – 120cm TS L-Shaped Adjustable Metal Bracket for Cameras.,,instock,new,78.00,https://secuview.com/product/secuview-60-120cm-ts-l-shaped-adjustable-metal-bracket-for-cameras/,,Secuview,
SVA4016,Secuview 65W 4 PoE + 1 Uplink | Reliable Gigabit Network Performance,,instock,new,175.50,https://secuview.com/product/secuview-65w-4-poe-1-uplink-reliable-gigabit-network-performance/,,Secuview,
SV-R42-10080ABC1,Secuview 65W 4x PoE + 2x Uplink Ports | 10/100Mbps Connectivity.,,instock,new,117.00,https://secuview.com/product/secuview-65w-4x-poe-2x-uplink-ports-10-100mbps-connectivity/,,Secuview,
SV-EL4001GY,"Secuview 65WPoE switch |4 PoE + 1 Uplink + 1SFP, Stable Gigabit Performance.",,instock,new,162.50,https://secuview.com/product/secuview-65wpoe-switch-4-poe-1-uplink-1sfp-stable-gigabit-performance/,,Secuview,
SV-M3OK-AKD2,Secuview 6MP Fixed Lens Outdoor IP Camera Auto Tracking & ONVIF.,,instock,new,234.00,https://secuview.com/product/secuview-6mp-fixed-lens-outdoor-ip-camera-auto-tracking-onvif/,,Secuview,
SV-PJ30A,Secuview 6MP Outdoor IP PTZ Camera | Auto-Focus Lens & Weatherproof.,,instock,new,233.52,https://secuview.com/product/secuview-6mp-outdoor-ip-ptz-camera-auto-focus-lens-weatherproof/,,Secuview,
SV-AL3880W,Secuview 6W Ceiling Speaker | Powerful Sound for Home and Office.,,instock,new,150.00,https://secuview.com/product/secuview-6w-ceiling-speaker-powerful-sound-for-home-and-office/,,Secuview,
SV-M2080B,Secuview 6W Public Address Ceiling Speaker with Clear Audio.,,instock,new,41.09,https://secuview.com/product/secuview-6w-ceiling-speaker-public-address/,,Secuview,
SV-EL24022SGY,Secuview 8-Channel Smart PABX Seamless Communication Made Easy.,,instock,new,750.00,https://secuview.com/product/secuview-8-channel-smart-pabx-seamless-communication-made-easy/,,Secuview,
SV-EL24022SGY,Secuview 8-Port Fast Ethernet Switch Stable 100Mbps Connections.,,instock,new,12.50,https://secuview.com/product/secuview-8-port-fast-ethernet-switch-stable-100mbps-connections/,,Secuview,
SV-EL4001GY,"Secuview 8-Port Gigabit Switch | Fast, Stable 1000Mbps Connectivity.",,instock,new,35.71,https://secuview.com/product/secuview-8-port-gigabit-switch-fast-stable-1000mbps-connectivity/,,Secuview,
SV-R4-6045S1,Secuview 8-Port Metal Design Ethernet Switch with High-Speed Networking.,,instock,new,65.00,https://secuview.com/product/secuview-8-port-metal-design-ethernet-switch-with-high-speed-networking/,,Secuview,
SV-R27-6060ABC1,Secuview 8-Port Plastic Ethernet Switch 100Mbps connectivity.,,instock,new,39.00,https://secuview.com/product/secuview-8-port-plastic-ethernet-switch-100mbps-connectivity/,,Secuview,
Secuview KE-60M 2.0,Secuview 8CH 4K Non-POE NVR | Fast Performance & ONVIF Support.,,instock,new,416.00,https://secuview.com/product/secuview-8ch-4k-non-poe-nvr-fast-performance-onvif-support/,,Secuview,
SV-PJ20A,Secuview 8CH 4K NVR |Ultra HD | ONVIF Support | High-Speed Performance,,instock,new,760.50,https://secuview.com/product/secuview-8ch-4k-nvr-ultra-hd-onvif-support-high-speed-performance/,,Secuview,
SV-ELHD801SP,Secuview 8MP Full HD Outdoor IP Camera | Water-proof & ONVIF.,,instock,new,233.52,https://secuview.com/product/secuview-8mp-full-hd-outdoor-ip-camera-water-proof-onvif/,,Secuview,
SV-M5CL-AVPT1,Secuview 8Mp indoor IP Camera | Smart Detection & ONVIF Support.,,instock,new,196.43,https://secuview.com/product/secuview-8mp-indoor-ip-camera-smart-detection-onvif-support/,,Secuview,
SV-KE1200M,Secuview 8MP Varifocal Lens Outdoor IP Camera | Water-proof & ONVIF.,,instock,new,850.00,https://secuview.com/product/secuview-8mp-varifocal-lens-outdoor-ip-camera-water-proof-onvif/,,Secuview,
SV-M3Cl-AVPB4,Secuview Adjustable PTZ Metal Mount Bracket for Security Cameras.,,instock,new,19.50,https://secuview.com/product/secuview-adjustable-ptz-metal-mount-bracket-for-security-cameras/,,Secuview,
SV-AP612SX03,Secuview AX1800 Wi-Fi 6 Access Point | Dual-Band Gigabit,,instock,new,299.00,https://secuview.com/product/secuview-ax1800-wi-fi-6-dualband-access-point/,,Secuview,
SV-ELHD801SP,Secuview Biometric Attendance System Real-Time Management.,,instock,new,500.00,https://secuview.com/product/secuview-biometric-attendance-system-real-time-management/,,Secuview,
SECUVIEW-5GE,Secuview Caller ID Telephone PH208 |Clear Voice & ideal for Home & Office.,,instock,new,85.00,https://secuview.com/product/secuview-caller-id-telephone-ph208-clear-voice-ideal-for-home-office/,,Secuview,
SV-R15-6060AB1,Secuview Compact 5-Port Gigabit Switch | Reliable 1000Mbps Performance.,,instock,new,75.00,https://secuview.com/product/secuview-compact-5-port-gigabit-switch-reliable-1000mbps-performance/,,Secuview,
SV-PJ20A,Secuview Compact indoor Metal Junction Box for CCTV Cameras.,,instock,new,143.00,https://secuview.com/product/secuview-compact-indoor-metal-junction-box-for-cctv-cameras/,,Secuview,
SV-SL185-QG02(BL)(GL)(Grey),Secuview Double-Port Faceplate Wall-Mount Durable Plastic Design.,,instock,new,7.50,https://secuview.com/product/secuview-double-port-faceplate-wall-mount-durable-plastic-design/,,Secuview,
SV-M3OK-AK4G2,Secuview Face Recognition & Biometric Time Attendance System.,,instock,new,600.00,https://secuview.com/product/secuview-face-recognition-biometric-time-attendance-system/,,Secuview,
SF-SMF202,Secuview Fingerprint Smart Lock with Remote Control – 600 QAR,,instock,new,600.00,https://secuview.com/product/secuview-fingerprint-smart-lock-with-remote-control/,,Secuview,
SV-SL280-HR02(BL)(GL),Secuview Four Gang Brushed Panel Smart Switch With Plastic Border,,instock,new,178.00,https://secuview.com/product/secuview-four-gang-brushed-panel-smart-switch-with-plastic-border/,,Secuview,
SVTSM202,Secuview Four Gang Wi-Fi Remote Control Smart Switch With Metal Border,,instock,new,165.00,https://secuview.com/product/secuview-four-gang-wi-fi-remote-control-smart-switch-with-metal-border/,,Secuview,
SVTSM202WP (W) / DS-1420WN (B),Secuview Full HD Wi-Fi Smart Doorphone with Waterproof Rate IP65,,instock,new,500.00,https://secuview.com/product/secuview-full-hd-wi-fi-smart-doorphone-with-waterproof-rate-ip65/,,Secuview,
SV-EL4011SGY,Secuview Gigabit 5-Port Ethernet Switch with High-Speed and Metal Design.,,instock,new,52.00,https://secuview.com/product/secuview-gigabit-5-port-ethernet-switch-with-high-speed-and-metal-design/,,Secuview,
SV-R42-10080ABC1,Secuview Gigabit PoE Extender Weatherproof & High-Performance.,,instock,new,78.00,https://secuview.com/product/secuview-gigabit-poe-extender-weatherproof-high-performance/,,Secuview,
SV-HDC20100V,Secuview High Efficiency RG6/U Coaxial Cable 305M,,instock,new,142.35,https://secuview.com/product/secuview-high-efficiency-rg6-u-coaxial-cable-305m/,,Secuview,
SV-R12-6055S1,Secuview High-Performance AX 3000Mbps Wireless Access Point.,,instock,new,390.00,https://secuview.com/product/secuview-high-performance-ax-3000mbps-wireless-access-point/,,Secuview,
SV010002-305WS-BK,Secuview High Quality RG59/U Coaxial Cable 305M,,instock,new,157.00,https://secuview.com/product/secuview-high-quality-rg59-u-coaxial-cable-305m/,,Secuview,
SV-HDC2050V,Secuview High Standard 305m RG59+2C Coaxial Cable With Power,,instock,new,217.20,https://secuview.com/product/secuview-high-standard-305m-rg592c-coaxial-cable-with-power/,,Secuview,
SV-R12-6055S1,Secuview Hybrid PABX 16 channels Reliable Communication for Large Networks.,,instock,new,1450.00,https://secuview.com/product/secuview-hybrid-pabx-16-channels-reliable-communication-for-large-networks/,,Secuview,
SV-VXRJX2,Secuview Indoor 1.3MP AHD Camera Compact & Clear Monitoring.,,instock,new,13.73,https://secuview.com/product/secuview-indoor-1-3mp-ahd-camera-compact-clear-monitoring/,,Secuview,
SV-PJ20A,Secuview Indoor 2MP AHD CCTV Camera | Clear imaging & Best Performance.,,instock,new,19.23,https://secuview.com/product/secuview-indoor-2mp-ahd-cctv-camera-clear-imaging-best-performance/,,Secuview,
SV-R18-6060AB1,Secuview Indoor Wi-Fi Router | 2.4GHz 300Mbps Performance.,,instock,new,17.86,https://secuview.com/product/secuview-indoor-wi-fi-router-2-4ghz-300mbps-performance/,,Secuview,
SV-SL375-Q09,Secuview Intelligent Remote Control Switch For Home Automation,,instock,new,110.00,https://secuview.com/product/secuview-intelligent-remote-control-switch-for-home-automation/,,Secuview,
SV-R18-6055AB1,Secuview International Standard 12U SPCC Network Rack,,instock,new,380.00,https://secuview.com/product/secuview-international-standard-12u-spcc-network-rack/,,Secuview,
SV-EL4011SGY,Secuview International Standard 18U Double Section SPCC Network Rack,,instock,new,1150.00,https://secuview.com/product/secuview-international-standard-18u-double-section-spcc-network-rack/,,Secuview,
SV-R12-6055S1,Secuview International Standard 18U SPCC Network Rack,,instock,new,545.00,https://secuview.com/product/secuview-international-standard-18u-spcc-network-rack/,,Secuview,
SV-R18-6060AB1,Secuview International Standard 27U 600X600 SPCC Data Center Cabinet,,instock,new,342.50,https://secuview.com/product/secuview-international-standard-27u-600x600-spcc-data-center-cabinet/,,Secuview,
SV-R18-6080ABC1,Secuview International Standard 27U SPCC Data Center Cabinet,,instock,new,1440.00,https://secuview.com/product/secuview-international-standard-27u-spcc-data-center-cabinet/,,Secuview,
SVA4024,Secuview International Standard 42U SPCC Network Cabinet,,instock,new,643.50,https://secuview.com/product/secuview-international-standard-42u-spcc-network-cabinet/,,Secuview,
IPS-55-SVC4X64,Secuview International Standard 6U Single Section SPCC Network Rack,,instock,new,285.00,https://secuview.com/product/secuview-international-standard-6u-single-section-spcc-network-rack/,,Secuview,
SVTSM201-B,Secuview IP Smart Video Doorbell For Home Automation,,instock,new,876.00,https://secuview.com/product/secuview-ip-smart-video-doorbell-for-home-automation/,,Secuview,
SV-SL260-Q05 (BL)(BR),Secuview IP Smart Video Doorbell With Tuya App,,instock,new,876.00,https://secuview.com/product/secuview-ip-smart-video-doorbell-with-tuya-app/,,Secuview,
SV-SD07MS743,Secuview IR Controller | Smart Remote Control for Seamless Device Management.,,instock,new,100.00,https://secuview.com/product/secuview-ir-controller-smart-remote-control-for-seamless-device-management/,,Secuview,
SV-SL280-HR01(BL),Secuview Keyless Entry Savvy Digital Lock for Home Automation,,instock,new,750.00,https://secuview.com/product/secuview-keyless-entry-savvy-digital-lock-for-home-automation/,,Secuview,
SF-SMF202,Secuview Keyless Entry Smart Door Lock with Fingerprint,,instock,new,750.00,https://secuview.com/product/secuview-keyless-entry-smart-door-lock-with-fingerprint/,,Secuview,
IPS-55-SVC4X64,Secuview lP Phone-Next-Gen Voice Solution for Seamless Communication.,,instock,new,68.68,https://secuview.com/product/secuview-lp-phone-next-gen-voice-solution-for-seamless-communication/,,Secuview,
SV-R9-6045S1,Secuview lP Telephone | Stay Connected with Crystal-Clear Voice Quality.,,instock,new,50.82,https://secuview.com/product/secuview-lp-telephone-stay-connected-with-crystal-clear-voice-quality/,,Secuview,
SV-SD07MS743,Secuview Mobile Control Fingerprint Smart Lock,,instock,new,650.00,https://secuview.com/product/secuview-mobile-control-fingerprint-smart-lock/,,Secuview,
SF-SMF202,Secuview Mobile Control Smart Door Lock,,instock,new,480.00,https://secuview.com/product/secuview-mobile-control-smart-door-lock/,,Secuview,
SV-EX30 Extender,Secuview Mounting Metal Bracket for CCTV Cameras with Weatherproof Design.,,instock,new,65.00,https://secuview.com/product/secuview-mounting-metal-bracket-for-cctv-cameras-with-weatherproof-design/,,Secuview,
SVTSM202-B,Secuview One Gang Brushed Panel Smart Switch With Plastic Border,,instock,new,137.00,https://secuview.com/product/secuview-one-gang-brushed-panel-smart-switch-with-plastic-border/,,Secuview,
SVTSM204-B,Secuview One Gang Wi-Fi Remote Control Smart Switch With Metal Border,,instock,new,30.00,https://secuview.com/product/secuview-one-gang-wi-fi-remote-control-smart-switch-with-metal-border/,,Secuview,
SV-EL24022SGY,Secuview Outdoor Wireless 4G Router | Powerful & Weatherproof Design.,,instock,new,750.00,https://secuview.com/product/secuview-outdoor-wireless-4g-router/,,Secuview,
SF-SMF204,"Secuview Plastic Internet & Satellite Socket | Clear, Stable Signal.",,instock,new,4.38,https://secuview.com/product/secuview-plastic-internet-satellite-socket-clear-stable-signal/,,Secuview,
SV-M3UB-DL-4G,Secuview Professional 4CH Hybrid DVR | 4K Resolution & Intelligent Detection.,,instock,new,416.00,https://secuview.com/product/secuview-professional-4ch-hybrid-dvr-4k-resolution-intelligent-detection/,,Secuview,
SV-EL24022SGY,Secuview PX400 Series | Telephone VolP Intercom lP PBX System 32 Channel.,,instock,new,1250.00,https://secuview.com/product/secuview-px400-series-telephone-volp-intercom-lp-pbx-system-32-channel/,,Secuview,
SV-R12-6055S1,Secuview PX400 Series | Telephone VolP Intercom lP PBX System 64 Channel.,,instock,new,1650.00,https://secuview.com/product/secuview-px400-series-telephone-volp-intercom-lp-pbx-system-64-channel/,,Secuview,
SV-RX2-4055S1,"Secuview Rack-Mount, AC Fan, High-Performance Cooling solution.",,instock,new,43.68,https://secuview.com/product/secuview-rack-mount-ac-fan-high-performance-cooling-solution/,,Secuview,
SVTSM203-B,Secuview Single-Port Durable Plastic Faceplate | Wall-Mount Design.,,instock,new,6.00,https://secuview.com/product/secuview-single-port-durable-plastic-faceplate-wall-mount-design/,,Secuview,
SVTSM201-B,Secuview Smart Glass Door Lock Device for Office Security,,instock,new,630.00,https://secuview.com/product/secuview-smart-glass-door-lock-device-for-office-security/,,Secuview,
SV-SL260-Q05 (BL)(BR),Secuview Smart Glass Door Lock with TUYA App for Modern Offices,,instock,new,150.70,https://secuview.com/product/secuview-smart-glass-door-lock-with-tuya-app-for-modern-offices/,,Secuview,
SF-SMF203,Secuview Smart Home Door Lock with Remote Control,,instock,new,620.00,https://secuview.com/product/secuview-smart-home-door-lock-with-remote-control/,,Secuview,
SF-SMF204,Secuview Smart Plug Socket | Power Smarter with Dual USB & Type-C Ports.,,instock,new,68.68,https://secuview.com/product/secuview-smart-plug-socket-power-smarter-with-dual-usb-type-c-ports/,,Secuview,
SV-SL260-HR04(BL),Secuview Smart Switches for Smart Home,,instock,new,9.77,https://secuview.com/product/secuview-smart-switches-for-smart-home/,,Secuview,
SV-SD07MR206,Secuview Smart Technology Door Lock for Modern Living,,instock,new,860.00,https://secuview.com/product/secuview-smart-technology-door-lock-for-modern-living/,,Secuview,
SV-SL240-HR03(BR BL),Secuview Smart Wi-Fi Waterproof Video Doorbell,,instock,new,106.00,https://secuview.com/product/secuview-smart-wi-fi-waterproof-video-doorbell/,,Secuview,
SV-SL240-HR03(BR BL),Secuview Three Gang Brushed Panel Smart Switch With Plastic Border,,instock,new,160.00,https://secuview.com/product/secuview-three-gang-brushed-panel-smart-switch-with-plastic-border/,,Secuview,
SF-SMF204,Secuview Three Gang Wi-Fi Remote Control Smart Switch With Metal Border,,instock,new,37.83,https://secuview.com/product/secuview-three-gang-wi-fi-remote-control-smart-switch-with-metal-border/,,Secuview,
SF-SMF202,Secuview Three Gang Wi-Fi Smart Switch With Tuya App,,instock,new,135.00,https://secuview.com/product/secuview-three-gang-wi-fi-smart-switch-with-tuya-app/,,Secuview,
SVTSM203-B,Secuview Two Gang Brushed Panel Smart Switch With Plastic Border,,instock,new,140.00,https://secuview.com/product/secuview-two-gang-brushed-panel-smart-switch-with-plastic-border/,,Secuview,
SV-SL260-Q05 (BL)(BR),Secuview Two Gang Wi-Fi Remote Control Smart Switch With Metal Border,,instock,new,34.25,https://secuview.com/product/secuview-two-gang-wi-fi-remote-control-smart-switch-with-metal-border/,,Secuview,
SV-SD07MS743,Secuview UK Smart Power Socket Sleek Design with USB-C& USB-A Fast charging Ports.,,in stock,new,876.00,https://secuview.com/product/secuview-uk-smart-power-socket-sleek-design-with-usb-c-usb-a-fast-charging-ports/,,Secuview,
SVELHD401SP,Secuview Universal Wall Mount Metal Bracket for Camera.,,instock,new,7.14,https://secuview.com/product/secuview-universal-wall-mount-metal-bracket-for-camera/,,Secuview,
SV-SL370-Q06,Secuview Wall-Mount Plastic Satellite Socket | Clear signal Output.,,instock,new,7.80,https://secuview.com/product/secuview-wall-mount-plastic-satellite-socket-clear-signal-output/,,Secuview,
SV-SL240-HR03(BR BL),Secuview Waterproof Smart Courtyard Gate Lock,,instock,new,1300.00,https://secuview.com/product/secuview-waterproof-smart-courtyard-gate-lock/,,Secuview,
SVTSM204,Secuview Wi-Fi IOT Smart Switch With Tuya App,,instock,new,157.00,https://secuview.com/product/secuview-wi-fi-iot-smart-switch-with-tuya-app/,,Secuview,
SV-JDC2011B,Secuview WiFi Indoor 2K PTZ Baby Monitor Camera,,instock,new,220.00,https://secuview.com/product/secuview-wifi-indoor-2k-ptz-baby-monitor-camera/,,Secuview,
SV-M3OK-AK4G2,Secuview WiFi Outdoor Weatherproof Security Camera,,instock,new,250.00,https://secuview.com/product/secuview-wifi-outdoor-weatherproof-security-camera/,,Secuview,
SF-SMF204,Secuview Wifi Smart Door Lock For Home Safety,,instock,new,550.00,https://secuview.com/product/secuview-wifi-smart-door-lock-for-home-safety/,,Secuview,
SV-EL4001GY,Secuview WiFi6 Dual-Band indoor Access Point | 1800Mbps High-speed.,,instock,new,227.50,https://secuview.com/product/secuview-wifi6-dual-band-indoor-access-point-1800mbps-high-speed/,,Secuview,
SV24TWS3,Secuview Wireless IP Outdoor Solar-powered 4G Security Camera,,instock,new,449.00,https://secuview.com/product/secuview-wireless-ip-outdoor-solar-powered-4g-security-camera/,,Secuview,
SV-ELHD801SP,Secuview Wireless IP Outdoor Weatherproof Security Battery Camera,,instock,new,270.00,https://secuview.com/product/secuview-wireless-ip-outdoor-weatherproof-security-battery-camera/,,Secuview,
SV-M3OK-AKD2,Secuview Wireless IP Solar-powered 4G Dual Lens Security Camera,,instock,new,575.00,https://secuview.com/product/secuview-wireless-ip-solar-powered-4g-dual-lens-security-camera/,,Secuview,
SV-WPP296F3,Secuview Wireless IP Solar-powered CCTV Camera,,instock,new,400.00,https://secuview.com/product/secuview-wireless-ip-solar-powered-cctv-camera/,,Secuview,
SV-4K-N1004-M5,Secuview12Mp Indoor PoE lP Camera | Auto-Tracking & ONVIF.,,instock,new,206.04,https://secuview.com/product/secuview12mp-indoor-poe-lp-camera-auto-tracking-onvif/,,Secuview,
Secuview KE-60M 2.0,WiFi 5MP PTZ Baby Monitor Camera,,instock,new,239.00,https://secuview.com/product/wireless-5mp-ptz-baby-monitor-camera/,,Secuview,
